DMR_ID,MeanAbsDeltaY,DMR_Locus
168,0.006843133025255835,chr7:27138396-27138751
661,0.006757190610692599,chr1:247511364-247511469
759,0.0059026659149687905,chr3:11178593-11178798
582,0.005862135981292376,chr1:18956762-18957232
683,0.005740752680876445,chr2:63283939-63286355
99,0.005705447113049278,chr6:29943209-29943480
371,0.00563780986823404,chr12:52400907-52401523
535,0.005634663930430282,chr19:10231566-10231711
421,0.005503714428257181,chr13:114065669-114065897
405,0.005488528333654237,chr13:41593385-41593519
548,0.00548215794093618,chr19:52222446-52223099
322,0.0054650115806913905,chr11:393328-393606
422,0.0054593103012140695,chr14:20903410-20903611
107,0.005334136688474746,chr6:33943662-33943929
67,0.00528206330651614,chr5:178004012-178004204
299,0.005242323243463976,chr10:103043991-103044194
59,0.0051155509634222916,chr5:151066460-151066662
100,0.005100966974135139,chr6:30094980-30095762
664,0.005071743299792704,chr1:248100407-248100585
381,0.0050315665059047325,chr12:54423428-54424679
670,0.004967841124668031,chr2:3642629-3642732
416,0.004957825000074564,chr13:112716728-112717707
130,0.0049357746743586214,chr6:101846767-101847706
594,0.004916133541617631,chr1:47694919-47695475
554,0.004896911475959167,chr19:57617602-57618436
13,0.004896429109205972,chr5:5139853-5140029
549,0.00489193812984072,chr19:52391166-52391304
768,0.004865634521650635,chr3:112051894-112052405
265,0.004804195827717647,chr8:104153592-104153643
383,0.004803343266894,chr12:54447220-54447873
524,0.004794226700183947,chr18:14748250-14748439
104,0.0047479685936267085,chr6:32054561-32054790
224,0.00472254018320576,chr7:157345566-157345827
480,0.004666732934041659,chr16:86600309-86600499
494,0.004658695622181265,chr17:46607828-46608570
769,0.004625196486187836,chr3:124860616-124860871
360,0.004620718613566616,chr11:132526947-132527438
185,0.004568013898826076,chr7:29605897-29606349
263,0.00455426536325652,chr8:99959430-99962118
137,0.004513641792701061,chr6:110797476-110798022
799,0.004453568772974797,chr4:9783198-9783623
586,0.004434441737513159,chr1:34642396-34642862
109,0.004426755260363848,chr6:35479628-35479910
372,0.004419600608286663,chr12:52652220-52652590
514,0.004405181117551054,chr17:63624567-63624698
634,0.004374517894209613,chr1:156616560-156616855
58,0.004371825587946037,chr5:150326174-150326193
370,0.0043028845023527565,chr12:50297777-50297945
101,0.004269619682390105,chr6:30130819-30131001
213,0.004268635161864111,chr7:128809100-128809442
